t,Q,P,Bar,Eta
2025-07-24 15:02:38,0.05971844,129.3847,27.28074,0.7938891377275864
2025-07-24 15:17:38,0.059214300000000004,128.5592,27.22805,0.797079353024179
2025-07-24 15:32:38,0.06031911,128.995,27.15538,0.7872335690142488
2025-07-24 15:47:38,0.06027084,130.5252,27.21352,0.7955068803323039
2025-07-24 16:02:38,0.058479550000000005,127.0475,27.27347,0.7962752961898216
2025-07-24 16:17:38,0.0595629,129.5314,27.23168,0.7983003642022909
2025-07-24 16:32:38,0.059498550000000004,129.1109,27.24077,0.7963036101194666
2025-07-24 16:47:38,0.05950928,129.1142,27.24258,0.7961274812768832
2025-07-24 17:02:38,0.05260157,114.9313,27.46968,0.7951106114898684
2025-07-24 17:17:38,0.05264983,115.0137,27.46241,0.795161771437773
2025-07-24 17:32:38,0.0523495,114.6129,27.4715,0.7966730526696428
2025-07-24 17:47:38,0.052333410000000004,113.608,27.50783,0.7888875210630035
2025-07-24 18:02:38,0.05135732,112.2281,27.50238,0.7942743116092179
2025-07-24 18:17:38,0.05415151,119.276,27.26802,0.8074774979413402
2025-07-24 18:32:38,0.05968626,129.4053,27.22441,0.7960874149293955
2025-07-24 18:47:38,0.058860340000000004,128.0123,27.25167,0.7977693565239378
2025-07-24 19:02:38,0.02043352,38.5416,28.38897,0.6641687753389169
2025-07-24 19:17:38,0.013010949999999999,21.49875,28.44166,0.5807521130453526
2025-07-24 19:32:38,0.017891400000000002,33.67834,28.4253,0.6619768960893101
2025-07-24 19:47:38,0.040609610000000004,91.02592,27.72585,0.808151766371588
2025-07-24 20:02:38,0.0169743,31.80422,28.41986,0.6590410684480357
2025-07-24 20:17:38,0.08455508,177.7828,26.17795,0.8028898001473984
2025-07-24 20:32:38,0.06581095000000001,140.1272,27.01367,0.7879201939780274
2025-07-24 20:47:38,0.06566615,140.4738,27.01912,0.7914511486977761
2025-07-24 21:02:38,0.06556961,140.1412,27.02457,0.7905802786010971
2025-07-24 21:17:38,0.06540872,140.1311,27.03547,0.7921482994711262
2025-07-24 21:32:38,0.06526928,140.2512,27.03729,0.794467511450931
2025-07-24 21:47:38,0.06515129,140.4147,27.04092,0.796727176721122
2025-07-24 22:02:38,0.06560715,140.1685,27.02639,0.7902286143921948
2025-07-24 22:17:38,0.06526392,140.2578,27.01367,0.7952648989822905
2025-07-24 22:32:38,0.06511911000000001,140.447,27.04274,0.7972506012393222
2025-07-24 22:47:38,0.06515665,140.451,27.05182,0.7965465060895122
2025-07-24 23:02:38,0.06506010999999999,140.3519,27.03729,0.7975940053840186
2025-07-24 23:17:38,0.06384268,137.3828,27.09179,0.7940083887639533
2025-07-24 23:32:38,0.06526392,136.9663,27.0391,0.775871633177719
2025-07-24 23:47:38,0.06479733,137.2677,27.05364,0.7827572103374111
2025-07-25 00:02:38,0.06467397,137.0172,27.06272,0.7825564236542433
2025-07-25 00:17:38,0.06438436,137.0437,27.06999,0.7860173538946247
2025-07-25 00:32:38,0.06456669999999999,137.0108,27.06999,0.7836094307591912
2025-07-25 00:47:38,0.06442191,137.1151,27.07181,0.7859156411755011
2025-07-25 01:02:38,0.06433609,137.0455,27.06817,0.7866703079884623
2025-07-25 01:17:38,0.06458279,136.7155,27.07907,0.7814635841810299
2025-07-25 01:32:38,0.06367643,137.0981,27.09906,0.7942185753513684
2025-07-25 01:47:38,0.06425028,137.0162,27.07544,0.7873410742927633
2025-07-25 02:02:38,0.06394459,137.3392,27.08271,0.7927570708469263
2025-07-25 02:17:38,0.06372469,136.9704,27.08816,0.7931969290127804
2025-07-25 02:32:38,0.06368179,137.4809,27.08089,0.796903452966272
2025-07-25 02:47:38,0.06367643,137.1633,27.09179,0.7948095108777522
2025-07-25 03:02:38,0.0636067,137.7525,27.18445,0.7963749884089942
2025-07-25 03:17:38,0.06295777,136.5425,27.20988,0.7967708272521844
2025-07-25 03:32:38,0.06326883,136.8255,27.10633,0.7975318882446569
2025-07-25 03:47:38,0.06332246,136.7805,27.11177,0.7964345183536571
2025-07-25 04:02:38,0.06282369,136.2834,27.21715,0.7967432797707311
2025-07-25 04:17:38,0.06306503,136.3899,27.11541,0.7972948634828863
2025-07-25 04:32:38,0.06260916,135.3596,27.05182,0.7989070133458944
2025-07-25 04:47:38,0.06300603,136.5662,27.14084,0.798324324565318
2025-07-25 05:02:38,0.06261451999999999,134.6435,27.01549,0.7956810686630783
2025-07-25 05:17:38,0.06240536,135.6253,27.04274,0.803359000631785
2025-07-25 05:32:38,0.06257699,135.0273,27.17355,0.7937835098098897
2025-07-25 05:47:38,0.06275397,135.7234,27.03729,0.7996351990881586
2025-07-25 06:02:38,0.06257699,136.1623,27.08089,0.8031946623119587
2025-07-25 06:17:38,0.06288268,135.929,27.11723,0.7968513120519337
2025-07-25 06:32:38,0.061793970000000004,133.765,27.14629,0.7971268710585186
2025-07-25 06:47:38,0.06238391,134.8993,27.13176,0.796710747055814
2025-07-25 07:02:38,0.06223375,134.489,27.13358,0.7961506108547627
2025-07-25 07:17:38,0.06137565,133.1554,27.15901,0.7985282434795311
2025-07-25 07:32:38,0.061429279999999996,132.9236,27.15538,0.7965486809410254
2025-07-25 07:47:38,0.061772509999999996,134.2306,27.23713,0.7975106234572071
2025-07-25 08:02:38,0.06162235,133.8207,27.14993,0.7995725283388149
2025-07-25 08:17:38,0.06171352,133.57,27.16446,0.7964693522249152
2025-07-25 08:32:38,0.05558883,120.7673,27.41336,0.7922114071764768
2025-07-25 08:47:38,0.054639560000000004,120.1188,27.39156,0.8022847962209195
2025-07-25 09:02:38,0.05414079,116.4603,27.37339,0.7855363174516198
2025-07-25 09:17:38,0.05449475,118.6652,27.39883,0.7944713322753751
2025-07-25 09:32:38,0.05478973,119.5166,27.39519,0.7959692498356888
2025-07-25 09:47:38,0.054135420000000004,118.1427,27.37157,0.7970163123832583
2025-07-25 10:02:38,0.053894080000000004,117.5014,27.43153,0.7944992375847276
2025-07-25 10:17:38,0.054022799999999996,118.1494,27.41518,0.7974525780424944
2025-07-25 10:32:38,0.05412469,118.3884,27.42063,0.7974029501118084
2025-07-25 10:47:38,0.054280230000000006,117.9255,27.41518,0.792166518911792
2025-07-25 11:02:38,0.05385654,117.2453,27.43153,0.793320176289428
2025-07-25 11:17:38,0.05402816,118.0594,27.42789,0.7963968486220997
2025-07-25 11:32:38,0.05434995,118.5746,27.41154,0.7956107118091958
2025-07-25 11:47:38,0.0531647,117.5332,27.39338,0.806739103981712
2025-07-25 12:02:38,0.05311106,114.6889,27.5042,0.7848360407764803
2025-07-25 12:17:38,0.05412469,116.5151,27.50602,0.7823490748819518
2025-07-25 12:32:40,0.05416224,117.9044,27.417,0.7936974787523059
2025-07-25 12:47:40,0.05368492,117.1895,27.43698,0.7953194835542421
2025-07-25 13:02:40,0.05369565,115.1439,27.43698,0.7812806387596438
2025-07-25 13:17:40,0.053137880000000005,116.8423,27.4388,0.8010733740044637
2025-07-25 13:32:40,0.05308961,114.7741,27.46241,0.7869320830578305
2025-07-25 13:47:40,0.054548389999999995,119.0694,27.44424,0.7950758408823952
2025-07-25 14:02:40,0.05372782,116.5664,27.44424,0.7902499799481612
2025-07-25 14:17:40,0.05350257,116.931,27.42971,0.7964808553827359
2025-07-25 14:32:40,0.05347039,117.1965,27.4497,0.7981880570010896
2025-07-25 14:47:40,0.053609830000000004,117.1543,27.44243,0.7960361228960744
